X;Y;Z;OrientX;OrientZ;PART_ID
3.812638;0.163828;0.584748;0.619147;0.785275;4
3.909028;-0.102907;0.508749;-99999;-99999;4
9.870857;0.058731;2.520195;-0.764469;0.64466;20
9.810646;-0.148521;2.448793;-99999;-99999;20
4.738157;-0.080016;3.335217;-99999;-99999;28
4.831136;-0.031274;3.328896;0.067834;0.997697;28
